id,timestamp,brand,model,image_path,service_types,price,city,seats,fuel,transmission,description,status,added_by
car-1789573104910,2026-09-16T15:38:24.910Z,ERTIGA,2024,assets/uploads/rental-car-1789573100385-Gemini_Generated_Image_4qr2ef4qr2ef4qr2.png,Hourly Rental|Half-Day Rental|Full-Day Rental|Weekly Rental|Monthly Rental|Long-Term Rental|Annual Lease|Self-Drive Rental|Chauffeur-Driven Rental|Round-Trip Rental|Airport Pickup|Airport Drop|Outstation Rental|Local City Rental|Intercity Rental|SUV Rental,6000,Jaipur,7,CNG,Manual,"Car Model: Maruti Suzuki Ertiga
• Seating: 7 Passengers
• Air Condition: Full AC with Rear Vents
• Condition: Neat, Clean & Well Maintained
• Services Offered:

Local City Sightseeing

Outstation Rajasthan / interstate Tours

Airport & Railway Station Pick & Drop

Wedding & Event Travel
• Rates: Reasonable & Best Price Guaranteed

📞 Contact for Booking 7737353588",Active,admin
